date,player
2022-02-22,Zeros
2022-02-23,Winds
2022-02-24,Lucky
2022-02-25,yuyanjia
2022-02-26,Wh1t3zZ
2022-02-27,K
2022-02-28,Elyoya
2022-03-01,Stomaged
2022-03-02,Zz1tai
2022-03-03,Leyan
2022-03-04,LemonNation
2022-03-05,gibo
2022-03-06,Chauster
2022-03-07,AHaHaCiK
2022-03-08,Westdoor
2022-03-09,NL
2022-03-10,Hieu3
2022-03-11,Ggoong
2022-03-12,Gaeng
2022-03-13,Avenger
2022-03-14,Burdol
2022-03-15,Tierwulf
2022-03-16,Archie
2022-03-17,san
2022-03-18,Corn
2022-03-19,Spica
2022-03-20,Gadget
2022-03-21,Reyk
2022-03-22,FORG1VEN
2022-03-23,MakNooN
2022-03-24,Deft
2022-03-25,Crazy
2022-03-26,MnM
2022-03-27,Bigkoro
2022-03-28,Luci
2022-03-29,Rekkles
2022-03-30,Japone
2022-03-31,Keria
2022-04-01,Clearlove
2022-04-02,Athena
2022-04-03,wormy
2022-04-04,Goku
2022-04-05,Sw0rd
2022-04-06,Minerva
2022-04-07,Chippys
2022-04-08,Tay
2022-04-09,Warangelus
2022-04-10,PDD
2022-04-11,Wadid
2022-04-12,Rikara
2022-04-13,Kramer
2022-04-14,cody
2022-04-15,Yagao
2022-04-16,PraY
2022-04-17,Light
2022-04-18,XuHao
2022-04-19,Kiaya
2022-04-20,baybay
2022-04-21,Kaiser
2022-04-22,Kev1n
2022-04-23,Lilballz
2022-04-24,Kuro
2022-04-25,Aladoric
2022-04-26,Finn
2022-04-27,cyeol
2022-04-28,sOAZ
2022-04-29,Levi
2022-04-30,Effort
2022-05-01,Moss
2022-05-02,Biofrost
2022-05-03,Sneaky
2022-05-04,Imaqtpie
2022-05-05,Aloned
2022-05-06,PawN
2022-05-07,DNK
2022-05-08,Nagne
2022-05-09,dabe
2022-05-10,Crisp
2022-05-11,Kino
2022-05-12,Kitties
2022-05-13,Abbedagge
2022-05-14,Xerxe
2022-05-15,Wei
2022-05-16,BalIs
2022-05-17,Loulex
2022-05-18,Renn
2022-05-19,River
2022-05-20,xiye
2022-05-21,Zeitnot
2022-05-22,Buggax
2022-05-23,Alex Ich
2022-05-24,Kold
2022-05-25,Edward
2022-05-26,Jiejie
2022-05-27,Life
2022-05-28,Mlxg
2022-05-29,TheOddOne
2022-05-30,Sirt
2022-05-31,Nbs
2022-06-01,PowerOfEvil
2022-06-02,Jactroll
2022-06-03,Hans sama
2022-06-04,Selfmade
2022-06-05,Hani
2022-06-06,Achie
2022-06-07,Raina
2022-06-08,Grevthar
2022-06-09,Revolta
2022-06-10,Woong
2022-06-11,Slay
2022-06-12,Nate
2022-06-13,Ysera
2022-06-14,Yutorimoyashi
2022-06-15,Xmithie
2022-06-16,Lloyd
2022-06-17,Dara
2022-06-18,Naul
2022-06-19,Huni
2022-06-20,Ssumday
2022-06-21,Pop
2022-06-22,Inspired
2022-06-23,Doinb
2022-06-24,Scout
2022-06-25,GorillA
2022-06-26,Shernfire
2022-06-27,LaMiaZeaLoT
2022-06-28,Teddy
2022-06-29,Alex
2022-06-30,Benny
2022-07-01,Betty
2022-07-02,Iwandy
2022-07-03,Mithy
2022-07-04,Ceros
2022-07-05,DeuL
2022-07-06,Guigo
2022-07-07,Cyanide
2022-07-08,Cody Sun
2022-07-09,Raes
2022-07-10,Naru
2022-07-11,Fudge
2022-07-12,Marfz
2022-07-13,Ruler
2022-07-14,Cuzz
2022-07-15,Maoan
2022-07-16,Rich
2022-07-17,Cupcake
2022-07-18,GodLike
2022-07-19,Jockster
2022-07-20,mancloud
2022-07-21,Svenskeren
2022-07-22,Perkz
2022-07-23,Arce
2022-07-24,Bang
2022-07-25,Doran
2022-07-26,Destiny
2022-07-27,illuSioN
2022-07-28,Kaigu
2022-07-29,JackeyLove
2022-07-30,Shadow
2022-07-31,Mojito
2022-08-01,FEBIVEN
2022-08-02,Piglet
2022-08-03,Nevan
2022-08-04,Flame
2022-08-05,CoreJJ
2022-08-06,HuSha
2022-08-07,iNtrigueD
2022-08-08,957
2022-08-09,Albis
2022-08-10,Ambition
2022-08-11,Solo
2022-08-12,tinowns
2022-08-13,ShowMaker
2022-08-14,Mikyx
2022-08-15,yellowpete
2022-08-16,XiaoWeiXiao
2022-08-17,Yang
2022-08-18,Isles
2022-08-19,Sya
2022-08-20,Ale
2022-08-21,Ucal
2022-08-22,Misaya
2022-08-23,Seiya
2022-08-24,Violet
2022-08-25,Doggo
2022-08-26,Wako
2022-08-27,iBoy
2022-08-28,Paz
2022-08-29,Condi
2022-08-30,Snoy
2022-08-31,Patoy
2022-09-01,Alunir
2022-09-02,kaSing
2022-09-03,Watch
2022-09-04,GodV
2022-09-05,Nuclear
2022-09-06,Ren
2022-09-07,Kiin
2022-09-08,Evi
2022-09-09,MaRin
2022-09-10,Khan
2022-09-11,Xpecial
2022-09-12,Heart
2022-09-13,Wolf
2022-09-14,Lilv
2022-09-15,Carzzy
2022-09-16,GALA
2022-09-17,Ghost
2022-09-18,Bin
2022-09-19,Voyboy
2022-09-20,Bugi
2022-09-21,huanfeng
2022-09-22,icon
2022-09-23,Onesh0tiq
2022-09-24,Argonavt
2022-09-25,Nemesis
2022-09-26,Vasilii
2022-09-27,Stanley
2022-09-28,Lehends
2022-09-29,Haro
2022-09-30,Liang
2022-10-01,Zantins
2022-10-02,Blank
2022-10-03,Mystic
2022-10-04,GimGoon
2022-10-05,Broken Blade
2022-10-06,Olleh
2022-10-07,tockers
2022-10-08,Stitch
2022-10-09,Dioud
2022-10-10,MadLife
2022-10-11,Breeze
2022-10-12,Kujaa
2022-10-13,Odoamne
2022-10-14,Naz
2022-10-15,Niksar
2022-10-16,Stixxay
2022-10-17,Kira
2022-10-18,Ning
2022-10-19,007x
2022-10-20,Acorn
2022-10-21,Contractz
2022-10-22,Blaber
2022-10-23,Mouse
2022-10-24,Blasting
2022-10-25,AnDa
2022-10-26,Zergsting
2022-10-27,Willer
2022-10-28,vy
2022-10-29,Impact
2022-10-30,Babip
2022-10-31,Hauntzer
2022-11-01,Armut
2022-11-02,Shook
2022-11-03,Langx
2022-11-04,Tussle
2022-11-05,Jirall
2022-11-06,Duke
2022-11-07,XiaoXiao
2022-11-08,Fix
2022-11-09,Bolulu
2022-11-10,Cabochard
2022-11-11,Pyl
2022-11-12,aphromoo
2022-11-13,FZZF
2022-11-14,Riyev
2022-11-15,Robo
2022-11-16,Cain
2022-11-17,Lwx
2022-11-18,Candy
2022-11-19,nRated
2022-11-20,Zefa
2022-11-21,Relic
2022-11-22,caPs
2022-11-23,Arrow
2022-11-24,Zappy
2022-11-25,Bruce
2022-11-26,Vander
2022-11-27,Crown
2022-11-28,Ramune
2022-11-29,Shini
2022-11-30,Vsta
2022-12-01,Shrimp
2022-12-02,Hanabi
2022-12-03,DeadlyBrother
2022-12-04,Archer
2022-12-05,Smurf
2022-12-06,AmazingJ
2022-12-07,CloudTemplar
2022-12-08,Kongyue
2022-12-09,huhi
2022-12-10,CuVee
2022-12-11,Genthix
2022-12-12,Araneae
2022-12-13,Mowgli
2022-12-14,Uniboy
2022-12-15,Ace
2022-12-16,Ben
2022-12-17,Astarte
2022-12-18,SolidSnake
2022-12-19,Vizicsacsi
2022-12-20,Hjarnan
2022-12-21,Aria
2022-12-22,Zeyzal
2022-12-23,Xiaohu
2022-12-24,Touch
2022-12-25,ReginaId
2022-12-26,TusiN
2022-12-27,LoveLing
2022-12-28,tbq
2022-12-29,Unified
2022-12-30,GBM
2022-12-31,Innaxe
2023-01-01,Tgee
2023-01-02,IgNar
2023-01-03,wewillfailer
2023-01-04,IWDominate
2023-01-05,Prydz
2023-01-06,Deftly
2023-01-07,Tolerant
2023-01-08,Orome
2023-01-09,Genja
2023-01-10,Crash
2023-01-11,Damonte
2023-01-12,Puszu
2023-01-13,HolyPhoenix
2023-01-14,Inspirro
2023-01-15,Lustboy
2023-01-16,Dexter
2023-01-17,Cool
2023-01-18,Humanoid
2023-01-19,Tabzz
2023-01-20,FoFo
2023-01-21,Richard
2023-01-22,Wraith
2023-01-23,Spirit
2023-01-24,Pobelter
2023-01-25,Wickd
2023-01-26,Zylor
2023-01-27,Nyph
2023-01-28,Rookie
2023-01-29,Krepo
2023-01-30,Thaldrin
2023-01-31,Exosen
2023-02-01,ocelote
2023-02-02,CHIEH
2023-02-03,Shushei
2023-02-04,Junie
2023-02-05,fredy122
2023-02-06,Darshan
2023-02-07,Nixwater
2023-02-08,CandyPanda
2023-02-09,MoMa
2023-02-10,Slow
2023-02-11,shad0w
2023-02-12,Frozen
2023-02-13,BaeMe
2023-02-14,Nomanz
2023-02-15,Topoon
2023-02-16,Ryu
2023-02-17,G4
2023-02-18,dyNquedo
2023-02-19,Dee
2023-02-20,Canyon
2023-02-21,Josedeodo
2023-02-22,WildTurtle
2023-02-23,LvMao
2023-02-24,Shy
2023-02-25,Mission
2023-02-26,Westrice
2023-02-27,Jinjiao
2023-02-28,Kami
2023-03-01,MooJin
2023-03-02,knight
2023-03-03,Gilius
2023-03-04,Score
2023-03-05,3z
2023-03-06,Mountain
2023-03-07,Leza
2023-03-08,Cryin
2023-03-09,Tore
2023-03-10,Vech
2023-03-11,MANTARRAYA
2023-03-12,Empt2y
2023-03-13,Lep
2023-03-14,Zuna
2023-03-15,Meliodas
2023-03-16,bigfatlp
2023-03-17,Axion
2023-03-18,Danagorn
2023-03-19,Yutapon
2023-03-20,GreenTea
2023-03-21,Expect
2023-03-22,dans
2023-03-23,Ssong
2023-03-24,Pyosik
2023-03-25,k1ng
2023-03-26,Optimus
2023-03-27,Adam
2023-03-28,Bdd
2023-03-29,Tian
2023-03-30,Koala
2023-03-31,4LaN
2023-04-01,Tabe
2023-04-02,imp
2023-04-03,Nisqy
2023-04-04,The Rain Man
2023-04-05,brTT
2023-04-06,Venus
2023-04-07,Zven
2023-04-08,NoName
2023-04-09,Hojin
2023-04-10,Alive
2023-04-11,Da7
2023-04-12,Tarzan
2023-04-13,Haru
2023-04-14,Plugo
2023-04-15,Kid
2023-04-16,Attila
2023-04-17,Expession
2023-04-18,BEAN
2023-04-19,Ackerman
2023-04-20,Meiko
2023-04-21,KaKAO
2023-04-22,SwordArt
2023-04-23,Dyrus
2023-04-24,Steak
2023-04-25,U
2023-04-26,Smeb
2023-04-27,nukeduck
2023-04-28,LokeN
2023-04-29,SofM
2023-04-30,Triple
2023-05-01,Jankos
2023-05-02,Darien
2023-05-03,Avoidless
2023-05-04,viviD
2023-05-05,Mellisan
2023-05-06,Palette
2023-05-07,Faker
2023-05-08,TitaN
2023-05-09,Hai
2023-05-10,Angel
2023-05-11,Karsa
2023-05-12,GodKwai
2023-05-13,Ziv
2023-05-14,Amazing
2023-05-15,HotshotGG
2023-05-16,Maple
2023-05-17,Hana
2023-05-18,inSec
2023-05-19,Voidle
2023-05-20,Snoopeh
2023-05-21,Ming
2023-05-22,Hylissang
2023-05-23,Uzi
2023-05-24,Linak
2023-05-25,Lira
2023-05-26,Cotopaco
2023-05-27,Vulcan
2023-05-28,Letme
2023-05-29,Kikis
2023-05-30,PvPStejos
2023-05-31,369
2023-06-01,Riris
2023-06-02,Likkrit
2023-06-03,YellOwStaR
2023-06-04,Licorice
2023-06-05,Chovy
2023-06-06,Toyz
2023-06-07,Oner
2023-06-08,PK
2023-06-09,Tally
2023-06-10,Steal
2023-06-11,RapidStar
2023-06-12,Bjergsen
2023-06-13,Chres
2023-06-14,Rest
2023-06-15,BeryL
2023-06-16,Easyhoon
2023-06-17,Noway
2023-06-18,Peanut
2023-06-19,PoohManDu
2023-06-20,Jensen
2023-06-21,APEX
2023-06-22,Zero
2023-06-23,xPeke
2023-06-24,GarnetDevil
2023-06-25,Mark
2023-06-26,Pilot
2023-06-27,yT
2023-06-28,Maxlore
2023-06-29,BeBe
2023-06-30,Mylon
2023-07-01,Jesiz
2023-07-02,Absolut
2023-07-03,Kaiwing
2023-07-04,Kanavi
2023-07-05,BloodWater
2023-07-06,micaO
2023-07-07,Elementz
2023-07-08,Mata
2023-07-09,Ray
2023-07-10,QTV
2023-07-11,Nuguri
2023-07-12,dade
2023-07-13,Envy
2023-07-14,Morgan
2023-07-15,SaNTaS
2023-07-16,Rockky
2023-07-17,Save
2023-07-18,Broxah
2023-07-19,Crystal
2023-07-20,Cloud
2023-07-21,Jiizuke
2023-07-22,Gumayusi
2023-07-23,WarL0cK
2023-07-24,Lodik
2023-07-25,Kobbe
2023-07-26,Time
2023-07-27,Wunder
2023-07-28,RedBert
2023-07-29,Zin
2023-07-30,Jojo
2023-07-31,Mor
2023-08-01,Froggen
2023-08-02,Bwipo
2023-08-03,WeiXiao
2023-08-04,Doublelift
2023-08-05,Tank
2023-08-06,Mazzerin
2023-08-07,Rascal
2023-08-08,Radion6870
2023-08-09,NaMei
2023-08-10,Gemini
2023-08-11,CaoMei
2023-08-12,DanDy
2023-08-13,Smoothie
2023-08-14,SnowFlower
2023-08-15,Meteos
2023-08-16,MiSTakE
2023-08-17,Chaox
2023-08-18,BOSS
2023-08-19,Gogoing
2023-08-20,pomelo
2023-08-21,Acce
2023-08-22,Salce
2023-08-23,AN
2023-08-24,WhiteLotus
2023-08-25,Rainbow
2023-08-26,Artifact
2023-08-27,Bengi
2023-08-28,Brucer
2023-08-29,scarra
2023-08-30,Padden
2023-08-31,Viper
2023-09-01,Clid
2023-09-02,Trymbi
2023-09-03,Flandre
2023-09-04,FBI
2023-09-05,Canna
2023-09-06,Korol
2023-09-07,Piccaboo
2023-09-08,Saintvicious
2023-09-09,Looper
2023-09-10,Edger
2023-09-11,Aegis
2023-09-12,Larssen
2023-09-13,Zoom
2023-09-14,Trick
2023-09-15,Road
2023-09-16,Crumbz
2023-09-17,Santorin
2023-09-18,TheShy
2023-09-19,Celebrity
2023-09-20,Oddie
2023-09-21,Alphari
2023-09-22,Diamondprox
2023-09-23,Ranger
2023-09-24,Reignover
2023-09-25,BioPanther
2023-09-26,Dan Dinh
2023-09-27,Morning
2023-09-28,Baolan
2023-09-29,Closer
2023-09-30,Tactical
2023-10-01,Cola
2023-10-02,Zorozero
2023-10-03,fabFabulous
2023-10-04,Chawy
2023-10-05,MMD
2023-10-06,Udysof
2023-10-07,Yume